Blog Title,Blog File Name,Content Type,Medium-Ready Status,Published to Medium,Medium URL,Date Published,Medium Views (7 days),Referral Traffic to GRSCorp,Notes
Homeschooling Children with Autism in New York State,homeschooling-children-with-autism-in-new-york-state-a-comprehensive-guide-for-parents.html,Guide,Pending,No,,,,
Autism and Genetics: Unraveling the Complex Connection,autism-and-genetics-unraveling-the-complex-connection.html,Research,Pending,No,,,,
Best Dog Breeds for Autism,best-dog-breeds-for-autism-unleashing-the-healing-power-of-canine-companions.html,Lifestyle,Pending,No,,,,
Understanding Autism Spectrum Disorder,understanding-autism-a-journey-into-the-spectrum.html,Educational,Pending,No,,,,
Navigating the Diagnosis of Autism Spectrum Disorder,navigating-the-diagnosis-of-autism-spectrum-disorder-asd-tools-signs-and-support.html,Guide,Pending,No,,,,
Guide: Manual Checklist for Nanny/Caregiver with Autism,guide-manual-check-list-for-nanny-caregiver-home-with-a-child-with-autism.html,Guide,Pending,No,,,,
Understanding Autism in Teenagers,understanding-autism-in-teenagers-challenges-and-strategies.html,Guide,Pending,No,,,,
Sensory Integration Therapy,sensory-integration-therapy-unlocking-the-senses-for-a-brighter-world.html,Therapy,Pending,No,,,,
Exploring Floortime Therapy,exploring-floortime-therapy-a-holistic-approach-to-child-development.html,Therapy,Pending,No,,,,
Navigating Travel with Autism,navigating-travel-with-autism-essential-tips-and-resources.html,Tips,Pending,No,,,,
Debunking Common Myths About Autism,debunking-common-myths-about-autism-unearthing-the-facts.html,Educational,Pending,No,,,,
Embracing Neurodiversity,embracing-neurodiversity-celebrating-the-unique-strengths-of-autistic-individuals.html,Awareness,Pending,No,,,,
Understanding the Rights of Parents and Children with Autism,understanding-the-rights-of-parents-and-children-with-autism-a-comprehensive-guide.html,Rights,Pending,No,,,,
Autism and Sleep Disorders,autism-and-sleep-disorders-unlocking-the-secrets-to-better-rest.html,Health,Pending,No,,,,
Best Activities for Autism,best-activities-for-autism-a-guide-to-support-and-empower.html,Tips,Pending,No,,,,

INSTRUCTIONS:
1. Content Type = Guide, Research, Educational, Tips, Lifestyle, Therapy, Health, Rights, Awareness, Community
2. Medium-Ready Status = Pending, In Progress, Ready, Published
3. Published to Medium = No, Yes
4. Medium URL = Link to your Medium article (copy from browser)
5. Date Published = Date you published (YYYY-MM-DD format)
6. Medium Views = Check in Medium stats 7 days after publishing
7. Referral Traffic = Check GRSCorp analytics for traffic from medium.com
8. Notes = Any observations (e.g., "High engagement", "Steady referrals", "Needs revision")

TRACKING TIPS:
- Update this weekly with new publications and traffic data
- Medium stats are available in your story stats page
- Check GRSCorp Google Analytics for referral source "medium.com"
- This data helps you identify which content types drive the most backlinks
- Calculate average views and traffic by content type to optimize future posts

SAMPLE METRICS TO TRACK (add columns as needed):
- Medium followers gained
- Average views per article by content type
- Click-through rate to GRSCorp
- GRSCorp pages that get most traffic from Medium
- Organic keyword ranking improvements in Google Search Console
